[{"type": "Feature", "properties": {"name": "Polygon"}, "geometry": {"type": "Polygon", "coordinates": [[[77.53310864119118, 13.026221885861318], [77.52291189748752, 12.996969014951233], [77.51271515378386, 12.965504532618326], [77.53254215542984, 12.93955714159199], [77.55803401468904, 12.920785005090707], [77.57729453057374, 12.905876714911116], [77.63790850703651, 12.915263519840906], [77.68605979674828, 12.927410626258421], [77.70135491230377, 12.954463419976577], [77.68379385370298, 13.001936726812687], [77.63620904975255, 13.02842950958248], [77.62487933452621, 13.04222671178971], [77.59202316036993, 13.04443419274493], [77.56879724415404, 13.048849095538671], [77.54670429946276, 13.043882324353305], [77.53310864119118, 13.026221885861318]]]}}, {"type": "Feature", "properties": {"name": "Chamarajapete"}, "geometry": {"type": "Point", "coordinates": [77.562677092971, 12.958237623162162]}}, {"type": "Feature", "properties": {"name": "VV Puram"}, "geometry": {"type": "Point", "coordinates": [77.57643792147582, 12.952931232315763]}}, {"type": "Feature", "properties": {"name": "Basavangudi"}, "geometry": {"type": "Point", "coordinates": [77.57548098944159, 12.941570423453797]}}, {"type": "Feature", "properties": {"name": "Shantinagar"}, "geometry": {"type": "Point", "coordinates": [77.59775140769568, 12.957424543606137]}}, {"type": "Feature", "properties": {"name": "Wilson Garden"}, "geometry": {"type": "Point", "coordinates": [77.59678100791416, 12.94893711249533]}}, {"type": "Feature", "properties": {"name": "Kasturibai Nagar"}, "geometry": {"type": "Point", "coordinates": [77.55142638821059, 12.95415812384688]}}, {"type": "Feature", "properties": {"name": "Girinagar"}, "geometry": {"type": "Point", "coordinates": [77.54455778300866, 12.939568651188736]}}, {"type": "Feature", "properties": {"name": "Thyagarajnagar"}, "geometry": {"type": "Point", "coordinates": [77.56806789280449, 12.931147584769462]}}, {"type": "Feature", "properties": {"name": "Jayanagar"}, "geometry": {"type": "Point", "coordinates": [77.58233926458331, 12.929201047016278]}}, {"type": "Feature", "properties": {"name": "Marenahalli"}, "geometry": {"type": "Point", "coordinates": [77.59162837338891, 12.918116159953257]}}, {"type": "Feature", "properties": {"name": "Mico Layout"}, "geometry": {"type": "Point", "coordinates": [77.60289394822337, 12.912776066693198]}}, {"type": "Feature", "properties": {"name": "BTM Layout"}, "geometry": {"type": "Point", "coordinates": [77.61029075014807, 12.915078995905077]}}, {"type": "Feature", "properties": {"name": "Madivala"}, "geometry": {"type": "Point", "coordinates": [77.61782396130752, 12.921186661874458]}}, {"type": "Feature", "properties": {"name": "Maruthi Nagara"}, "geometry": {"type": "Point", "coordinates": [77.61388614639662, 12.922454901657531]}}, {"type": "Feature", "properties": {"name": "Koramangala"}, "geometry": {"type": "Point", "coordinates": [77.62213843681485, 12.933935515996751]}}, {"type": "Feature", "properties": {"name": "Bellanduru"}, "geometry": {"type": "Point", "coordinates": [77.67712464471344, 12.929109779694798]}}, {"type": "Feature", "properties": {"name": "Marathahalli"}, "geometry": {"type": "Point", "coordinates": [77.69838216843561, 12.955190981784497]}}, {"type": "Feature", "properties": {"name": "Sanjaynagar"}, "geometry": {"type": "Point", "coordinates": [77.57754254539174, 13.036270830937397]}}, {"type": "Feature", "properties": {"name": "Vijayanagar"}, "geometry": {"type": "Point", "coordinates": [77.53934882137486, 12.970031098897579]}}, {"type": "Feature", "properties": {"name": "Hampinagar"}, "geometry": {"type": "Point", "coordinates": [77.53573039140633, 12.960820644709997]}}, {"type": "Feature", "properties": {"name": "Goripalya"}, "geometry": {"type": "Point", "coordinates": [77.55435350624242, 12.96446859105339]}}, {"type": "Feature", "properties": {"name": "Attiguppe"}, "geometry": {"type": "Point", "coordinates": [77.5291691871522, 12.962728158986138]}}, {"type": "Feature", "properties": {"name": "Chandra Layout"}, "geometry": {"type": "Point", "coordinates": [77.51809161588307, 12.965326003308775]}}, {"type": "Feature", "properties": {"name": "Prashanth Nagar"}, "geometry": {"type": "Point", "coordinates": [77.5313231291571, 12.977452855621422]}}, {"type": "Feature", "properties": {"name": "Kamakshipalya"}, "geometry": {"type": "Point", "coordinates": [77.52260704470888, 12.982204659373792]}}, {"type": "Feature", "properties": {"name": "Govindraja nagar"}, "geometry": {"type": "Point", "coordinates": [77.53524165490603, 12.976136406692433]}}, {"type": "Feature", "properties": {"name": "Dasarahalli"}, "geometry": {"type": "Point", "coordinates": [77.54283662691961, 12.978289974113736]}}, {"type": "Feature", "properties": {"name": "Adugodi"}, "geometry": {"type": "Point", "coordinates": [77.61031766213233, 12.942674997095224]}}, {"type": "Feature", "properties": {"name": "Ejipura"}, "geometry": {"type": "Point", "coordinates": [77.62665833967304, 12.94512663561855]}}, {"type": "Feature", "properties": {"name": "Domulur"}, "geometry": {"type": "Point", "coordinates": [77.63812671559481, 12.96246783666713]}}, {"type": "Feature", "properties": {"name": "Amarjyothi Layout"}, "geometry": {"type": "Point", "coordinates": [77.64256371406162, 12.956518296088788]}}, {"type": "Feature", "properties": {"name": "Indiranagar"}, "geometry": {"type": "Point", "coordinates": [77.64010747197318, 12.97333597272548]}}, {"type": "Feature", "properties": {"name": "CV Raman Nagar"}, "geometry": {"type": "Point", "coordinates": [77.66472789936716, 12.985574005909314]}}, {"type": "Feature", "properties": {"name": "Shivajinagar"}, "geometry": {"type": "Point", "coordinates": [77.60678285308308, 12.985937502626584]}}, {"type": "Feature", "properties": {"name": "Chickpet"}, "geometry": {"type": "Point", "coordinates": [77.57754086129376, 12.969764395157156]}}, {"type": "Feature", "properties": {"name": "Rajajinagar"}, "geometry": {"type": "Point", "coordinates": [77.55492557155213, 12.988092638510622]}}, {"type": "Feature", "properties": {"name": "Gandhinagar"}, "geometry": {"type": "Point", "coordinates": [77.57843651635261, 12.976855840047307]}}, {"type": "Feature", "properties": {"name": "Malleswaram"}, "geometry": {"type": "Point", "coordinates": [77.5702765112901, 13.002367721526468]}}, {"type": "Feature", "properties": {"name": "Yeshwantpur"}, "geometry": {"type": "Point", "coordinates": [77.55584229243294, 13.022876802695876]}}, {"type": "Feature", "properties": {"name": "Sadashivanagar"}, "geometry": {"type": "Point", "coordinates": [77.58104693407466, 13.010532645199788]}}, {"type": "Feature", "properties": {"name": "Mathikere"}, "geometry": {"type": "Point", "coordinates": [77.55772927094614, 13.032594111027521]}}, {"type": "Feature", "properties": {"name": "Hebbal"}, "geometry": {"type": "Point", "coordinates": [77.59199657149941, 13.038035605376649]}}, {"type": "Feature", "properties": {"name": "Ganganagar"}, "geometry": {"type": "Point", "coordinates": [77.58833651918331, 13.023077150242628]}}, {"type": "Feature", "properties": {"name": "Nagavara"}, "geometry": {"type": "Point", "coordinates": [77.62394330729882, 13.037318980184693]}}, {"type": "Feature", "properties": {"name": "Lingarajapuram"}, "geometry": {"type": "Point", "coordinates": [77.62786521052249, 13.011559548191855]}}, {"type": "Feature", "properties": {"name": "Banaswadi"}, "geometry": {"type": "Point", "coordinates": [77.65154866285911, 13.014099277354703]}}]