[
   {
      "Polygon":[
         {
            "gpsCoordinates":{
               "altitude":0,
               "longitude":77.53310864119118,
               "latitude":13.026221885861318
            }
         },
         {
            "gpsCoordinates":{
               "altitude":0,
               "longitude":77.52291189748752,
               "latitude":12.996969014951233
            }
         },
         {
            "gpsCoordinates":{
               "altitude":0,
               "longitude":77.51271515378386,
               "latitude":12.965504532618326
            }
         },
         {
            "gpsCoordinates":{
               "altitude":0,
               "longitude":77.53254215542984,
               "latitude":12.93955714159199
            }
         },
         {
            "gpsCoordinates":{
               "altitude":0,
               "longitude":77.55803401468904,
               "latitude":12.920785005090707
            }
         },
         {
            "gpsCoordinates":{
               "altitude":0,
               "longitude":77.57729453057374,
               "latitude":12.905876714911116
            }
         },
         {
            "gpsCoordinates":{
               "altitude":0,
               "longitude":77.63790850703651,
               "latitude":12.915263519840906
            }
         },
         {
            "gpsCoordinates":{
               "altitude":0,
               "longitude":77.68605979674828,
               "latitude":12.927410626258421
            }
         },
         {
            "gpsCoordinates":{
               "altitude":0,
               "longitude":77.70135491230377,
               "latitude":12.954463419976577
            }
         },
         {
            "gpsCoordinates":{
               "altitude":0,
               "longitude":77.68379385370298,
               "latitude":13.001936726812687
            }
         },
         {
            "gpsCoordinates":{
               "altitude":0,
               "longitude":77.63620904975255,
               "latitude":13.02842950958248
            }
         },
         {
            "gpsCoordinates":{
               "altitude":0,
               "longitude":77.62487933452621,
               "latitude":13.04222671178971
            }
         },
         {
            "gpsCoordinates":{
               "altitude":0,
               "longitude":77.59202316036993,
               "latitude":13.04443419274493
            }
         },
         {
            "gpsCoordinates":{
               "altitude":0,
               "longitude":77.56879724415404,
               "latitude":13.048849095538671
            }
         },
         {
            "gpsCoordinates":{
               "altitude":0,
               "longitude":77.54670429946276,
               "latitude":13.043882324353305
            }
         },
         {
            "gpsCoordinates":{
               "altitude":0,
               "longitude":77.53310864119118,
               "latitude":13.026221885861318
            }
         }
      ]
   },
   {
      "Point":[
         {
            "gpsCoordinates":{
               "name":"Chamarajapete",
               "longitude":77.562677092971,
               "latitude":12.958237623162162
            }
         },
         {
            "gpsCoordinates":{
               "name":"VV Puram",
               "longitude":77.57643792147582,
               "latitude":12.952931232315763
            }
         },
         {
            "gpsCoordinates":{
               "name":"Basavangudi",
               "longitude":77.57548098944159,
               "latitude":12.941570423453797
            }
         },
         {
            "gpsCoordinates":{
               "name":"Shantinagar",
               "longitude":77.59775140769568,
               "latitude":12.957424543606137
            }
         },
         {
            "gpsCoordinates":{
               "name":"Wilson Garden",
               "longitude":77.59678100791416,
               "latitude":12.94893711249533
            }
         },
         {
            "gpsCoordinates":{
               "name":"Kasturibai Nagar",
               "longitude":77.55142638821059,
               "latitude":12.95415812384688
            }
         },
         {
            "gpsCoordinates":{
               "name":"Girinagar",
               "longitude":77.54455778300866,
               "latitude":12.939568651188736
            }
         },
         {
            "gpsCoordinates":{
               "name":"Thyagarajnagar",
               "longitude":77.56806789280449,
               "latitude":12.931147584769462
            }
         },
         {
            "gpsCoordinates":{
               "name":"Jayanagar",
               "longitude":77.58233926458331,
               "latitude":12.929201047016278
            }
         },
         {
            "gpsCoordinates":{
               "name":"Marenahalli",
               "longitude":77.59162837338891,
               "latitude":12.918116159953257
            }
         },
         {
            "gpsCoordinates":{
               "name":"Mico Layout",
               "longitude":77.60289394822337,
               "latitude":12.912776066693198
            }
         },
         {
            "gpsCoordinates":{
               "name":"BTM Layout",
               "longitude":77.61029075014807,
               "latitude":12.915078995905077
            }
         },
         {
            "gpsCoordinates":{
               "name":"Madivala",
               "longitude":77.61782396130752,
               "latitude":12.921186661874458
            }
         },
         {
            "gpsCoordinates":{
               "name":"Maruthi Nagara",
               "longitude":77.61388614639662,
               "latitude":12.922454901657531
            }
         },
         {
            "gpsCoordinates":{
               "name":"Koramangala",
               "longitude":77.62213843681485,
               "latitude":12.933935515996751
            }
         },
         {
            "gpsCoordinates":{
               "name":"Bellanduru",
               "longitude":77.67712464471344,
               "latitude":12.929109779694798
            }
         },
         {
            "gpsCoordinates":{
               "name":"Marathahalli",
               "longitude":77.69838216843561,
               "latitude":12.955190981784497
            }
         },
         {
            "gpsCoordinates":{
               "name":"Sanjaynagar",
               "longitude":77.57754254539174,
               "latitude":13.036270830937397
            }
         },
         {
            "gpsCoordinates":{
               "name":"Vijayanagar",
               "longitude":77.53934882137486,
               "latitude":12.970031098897579
            }
         },
         {
            "gpsCoordinates":{
               "name":"Hampinagar",
               "longitude":77.53573039140633,
               "latitude":12.960820644709997
            }
         },
         {
            "gpsCoordinates":{
               "name":"Goripalya",
               "longitude":77.55435350624242,
               "latitude":12.96446859105339
            }
         },
         {
            "gpsCoordinates":{
               "name":"Attiguppe",
               "longitude":77.5291691871522,
               "latitude":12.962728158986138
            }
         },
         {
            "gpsCoordinates":{
               "name":"Chandra Layout",
               "longitude":77.51809161588307,
               "latitude":12.965326003308775
            }
         },
         {
            "gpsCoordinates":{
               "name":"Prashanth Nagar",
               "longitude":77.5313231291571,
               "latitude":12.977452855621422
            }
         },
         {
            "gpsCoordinates":{
               "name":"Kamakshipalya",
               "longitude":77.52260704470888,
               "latitude":12.982204659373792
            }
         },
         {
            "gpsCoordinates":{
               "name":"Govindraja nagar",
               "longitude":77.53524165490603,
               "latitude":12.976136406692433
            }
         },
         {
            "gpsCoordinates":{
               "name":"Dasarahalli",
               "longitude":77.54283662691961,
               "latitude":12.978289974113736
            }
         },
         {
            "gpsCoordinates":{
               "name":"Adugodi",
               "longitude":77.61031766213233,
               "latitude":12.942674997095224
            }
         },
         {
            "gpsCoordinates":{
               "name":"Ejipura",
               "longitude":77.62665833967304,
               "latitude":12.94512663561855
            }
         },
         {
            "gpsCoordinates":{
               "name":"Domulur",
               "longitude":77.63812671559481,
               "latitude":12.96246783666713
            }
         },
         {
            "gpsCoordinates":{
               "name":"Amarjyothi Layout",
               "longitude":77.64256371406162,
               "latitude":12.956518296088788
            }
         },
         {
            "gpsCoordinates":{
               "name":"Indiranagar",
               "longitude":77.64010747197318,
               "latitude":12.97333597272548
            }
         },
         {
            "gpsCoordinates":{
               "name":"CV Raman Nagar",
               "longitude":77.66472789936716,
               "latitude":12.985574005909314
            }
         },
         {
            "gpsCoordinates":{
               "name":"Shivajinagar",
               "longitude":77.60678285308308,
               "latitude":12.985937502626584
            }
         },
         {
            "gpsCoordinates":{
               "name":"Chickpet",
               "longitude":77.57754086129376,
               "latitude":12.969764395157156
            }
         },
         {
            "gpsCoordinates":{
               "name":"Rajajinagar",
               "longitude":77.55492557155213,
               "latitude":12.988092638510622
            }
         },
         {
            "gpsCoordinates":{
               "name":"Gandhinagar",
               "longitude":77.57843651635261,
               "latitude":12.976855840047307
            }
         },
         {
            "gpsCoordinates":{
               "name":"Malleswaram",
               "longitude":77.5702765112901,
               "latitude":13.002367721526468
            }
         },
         {
            "gpsCoordinates":{
               "name":"Yeshwantpur",
               "longitude":77.55584229243294,
               "latitude":13.022876802695876
            }
         },
         {
            "gpsCoordinates":{
               "name":"Sadashivanagar",
               "longitude":77.58104693407466,
               "latitude":13.010532645199788
            }
         },
         {
            "gpsCoordinates":{
               "name":"Mathikere",
               "longitude":77.55772927094614,
               "latitude":13.032594111027521
            }
         },
         {
            "gpsCoordinates":{
               "name":"Hebbal",
               "longitude":77.59199657149941,
               "latitude":13.038035605376649
            }
         },
         {
            "gpsCoordinates":{
               "name":"Ganganagar",
               "longitude":77.58833651918331,
               "latitude":13.023077150242628
            }
         },
         {
            "gpsCoordinates":{
               "name":"Nagavara",
               "longitude":77.62394330729882,
               "latitude":13.037318980184693
            }
         },
         {
            "gpsCoordinates":{
               "name":"Lingarajapuram",
               "longitude":77.62786521052249,
               "latitude":13.011559548191855
            }
         },
         {
            "gpsCoordinates":{
               "name":"Banaswadi",
               "longitude":77.65154866285911,
               "latitude":13.014099277354703
            }
         }
      ]
   }
]